Raw Time (ms),Elapsed Time (ms),Raw Angular Velocity (deg/s),Normalized Angular Velocity (deg/s),Instant Candence (rpm),,,
41369,0,-2,0,0,0,,
41382,13,-1,0,0,0,,
41396,27,0,0,0,0,,
41409,40,-3,0,0,0,,
41421,52,-1,0,0,0,,
41435,66,-4,0,0,0,,
41448,79,-2,0,0,0,,
41460,91,-3,0,0,0,,
41474,105,0,0,0,0,,
41487,118,-4,0,0,0,,
41499,130,-2,0,0,0,,
41512,143,-2,0,0,0,,
41526,157,0,0,0,0,,
41538,169,-3,0,0,0,,
41551,182,-3,0,0,0,,
41565,196,-1,0,0,0,,
41577,208,-1,0,0,0,,
41590,221,-2,0,0,0,,
41604,235,-7,0,0,0,,
41616,247,-2,0,0,0,,
41629,260,-4,0,0,0,,
41643,274,0,0,0,0,,
41655,286,-2,0,0,0,,
41668,299,-3,0,0,0,,
41681,312,-1,0,0,0,,
41694,325,-2,0,0,0,,
41707,338,-2,0,0,0,,
41720,351,-1,0,0,0,,
41733,364,-2,0,0,0,,
41746,377,-2,0,0,0,,
41759,390,-1,0,0,0,,
41773,404,-4,0,0,0,,
41785,416,-3,0,0,0,,
41798,429,1,0,0,0,,
41811,442,-5,0,0,0,,weight
41824,455,-3,0,0,0,,0.9
41837,468,-1,0,0,0,,
41850,481,-3,0,0,0,,
41863,494,-4,0,0,0,,
41876,507,-6,0,0,0,,
41889,520,-5,0,0,0,,
41902,533,-3,0,0,0,,
41915,546,-2,0,0,0,,
41928,559,-4,0,0,0,,
41940,571,-2,0,0,0,,
41954,585,-4,0,0,0,,
41967,598,-3,0,0,0,,
41979,610,-4,0,0,0,,
41993,624,-1,0,0,0,,
42006,637,-3,0,0,0,,
42018,649,-1,0,0,0,,
42032,663,-2,0,0,0,,
42045,676,-5,0,0,0,,
42058,689,-5,0,0,0,,
42071,702,-7,0,0,0,,
42084,715,-3,0,0,0,,
42097,728,-4,0,0,0,,
42109,740,0,0,0,0,,
42123,754,-4,0,0,0,,
42136,767,-3,0,0,0,,
42148,779,-5,0,0,0,,
42162,793,-4,0,0,0,,
42175,806,-4,0,0,0,,
42187,818,-2,0,0,0,,
42201,832,-3,0,0,0,,
42214,845,-1,0,0,0,,
42226,857,-3,0,0,0,,
42240,871,-3,0,0,0,,
42253,884,-7,0,0,0,,
42265,896,0,0,0,0,,
42278,909,-4,0,0,0,,
42292,923,-3,0,0,0,,
42304,935,-4,0,0,0,,
42317,948,-3,0,0,0,,
42331,962,-4,0,0,0,,
42343,974,-4,0,0,0,,
42356,987,-1,0,0,0,,
42370,1001,-1,0,0,0,,
42383,1014,-3,0,0,0,,
42395,1026,-6,0,0,0,,
42408,1039,-3,0,0,0,,
42422,1053,-6,0,0,0,,
42434,1065,-2,0,0,0,,
42447,1078,-4,0,0,0,,
42461,1092,-2,0,0,0,,
42473,1104,-11,0,0,0,,
42486,1117,-47,0,0,0,,
42500,1131,-98,-6,1,0.1,,
42512,1143,-148,-9.17,1.528333333,0.242833333,,
42525,1156,-172,-10.45,1.741666667,0.392716667,,
42539,1170,-175,-10.57,1.761666667,0.529611667,,
42552,1183,-168,-10.02,1.67,0.6436505,,
42565,1196,-178,-10.82,1.803333333,0.759618783,,
42578,1209,-249,-15.51,2.585,0.942156905,,
42591,1222,-387,-24.17,4.028333333,1.250774548,,
42604,1235,-608,-38.07,6.345,1.760197093,,
42617,1248,-922,-57.4,9.566666667,2.54084405,,
42631,1262,-1181,-73.07,12.17833333,3.504592979,,
42644,1275,-1461,-90.15,15.025,4.656633681,,
42657,1288,-1712,-105.45,17.575,5.948470313,,
42671,1302,-1994,-122.52,20.42,7.395623281,,
42684,1315,-2261,-138.62,23.10333333,8.966394287,,
42697,1328,-2459,-149.84,24.97333333,10.56708819,,
42711,1342,-2572,-157.34,26.22333333,12.13271271,,
42724,1355,-2691,-164.41,27.40166667,13.6596081,,
42736,1367,-2724,-162.03,27.005,14.99414729,,
42749,1380,961,51.99,-8.665,12.62823256,,
42763,1394,330,18.15,-3.025,11.06290931,,
42776,1407,-141,-9.48,1.58,10.11461838,,
42789,1420,-472,-29.72,4.953333333,9.598489871,,
42803,1434,-706,-44.17,7.361666667,9.374807551,,
42816,1447,-970,-59.48,9.913333333,9.428660129,,
42828,1459,-757,-46.91,7.818333333,9.267627449,,
42842,1473,-881,-52.4,8.733333333,9.214198038,,
42855,1486,-232,-12.28,2.046666667,8.497444901,,
42868,1499,-326,-21.12,3.52,7.999700411,,
42882,1513,-599,-37.4,6.233333333,7.823063703,,
42895,1526,-631,-34.84,5.806666667,7.621423999,,
42908,1539,-373,-23.38,3.896666667,7.248948266,,
42920,1551,-636,-39.6,6.6,7.184053439,,
42934,1565,-790,-48.38,8.063333333,7.271981429,,
42947,1578,-678,-39.6,6.6,7.204783286,,
42960,1591,-515,-31.98,5.33,7.017304957,,
42974,1605,-652,-39.23,6.538333333,6.969407795,,
42987,1618,-603,-37.46,6.243333333,6.896800349,,
42999,1630,-718,-43.38,7.23,6.930120314,,
43013,1644,-770,-47.34,7.89,7.026108283,,
43026,1657,-771,-46.79,7.798333333,7.103330788,,
43039,1670,-774,-47.16,7.86,7.178997709,,
43053,1684,-801,-48.93,8.155,7.276597938,,
43066,1697,-826,-50.45,8.408333333,7.389771477,,
43079,1710,-868,-53.07,8.845,7.53529433,,
43091,1722,-921,-56.18,9.363333333,7.71809823,,
43105,1736,-965,-58.87,9.811666667,7.927455074,,
43118,1749,-988,-60.08,10.01333333,8.1360429,,
43131,1762,-1032,-62.95,10.49166667,8.371605276,,
43145,1776,-1046,-63.8,10.63333333,8.597778082,,
43158,1789,-1091,-66.61,11.10166667,8.848166941,,
43171,1802,-1153,-70.27,11.71166667,9.134516913,,
43184,1815,-1205,-73.5,12.25,9.446065222,,
43197,1828,-1247,-76.06,12.67666667,9.769125366,,
43210,1841,-1276,-78.01,13.00166667,10.0923795,,
43224,1855,-1312,-80.21,13.36833333,10.41997488,,
43237,1868,-1357,-82.65,13.775,10.75547739,,
43250,1881,-1389,-84.35,14.05833333,11.08576299,,
43264,1895,-1448,-88.62,14.77,11.45418669,,
43277,1908,-1461,-88.8,14.8,11.78876802,,
43290,1921,-1472,-89.96,14.99333333,12.10922455,,
43302,1933,-1544,-94.54,15.75666667,12.47396876,,
43316,1947,-1585,-96.85,16.14166667,12.84073855,,
43329,1960,-1577,-96.3,16.05,13.1616647,,
43342,1973,-1609,-97.95,16.325,13.47799823,,
43356,1987,-1619,-98.56,16.42666667,13.77286507,,
43369,2000,-1626,-99.23,16.53833333,14.0494119,,
43382,2013,-1691,-103.01,17.16833333,14.36130404,,
43396,2027,-1710,-104.23,17.37166667,14.6623403,,
43409,2040,-1711,-103.99,17.33166667,14.92927294,,
43422,2053,-1736,-105.69,17.615,15.19784565,,
43436,2067,-1745,-106.24,17.70666667,15.44872775,,
43449,2080,-1739,-105.63,17.605,15.66435497,,
43461,2092,-1746,-106.24,17.70666667,15.86858614,,
43474,2105,-1773,-108.26,18.04333333,16.08606086,,
43488,2119,-1817,-110.94,18.49,16.32645478,,
43501,2132,-1846,-112.52,18.75333333,16.56914263,,
43514,2145,-1858,-112.89,18.815,16.79372837,,
43528,2159,-1811,-109.9,18.31666667,16.9460222,,
43541,2172,-1780,-108.38,18.06333333,17.05775331,,
43554,2185,-1781,-108.62,18.10333333,17.16231131,,
43568,2199,-1796,-109.29,18.215,17.26758018,,
43581,2212,-1819,-110.88,18.48,17.38882216,,
43594,2225,-1841,-112.28,18.71333333,17.52127328,,
43608,2239,-1857,-113.01,18.835,17.65264595,,
43621,2252,-1820,-110.63,18.43833333,17.73121469,,
43634,2265,-1712,-103.68,17.28,17.68609322,,
43648,2279,-1665,-101.24,16.87333333,17.60481723,,
43661,2292,-1647,-100.21,16.70166667,17.51450218,,
43674,2305,-1650,-100.57,16.76166667,17.43921863,,
43687,2318,-1678,-102.34,17.05666667,17.40096343,,
43700,2331,-1731,-105.82,17.63666667,17.42453375,,
43713,2344,-1780,-108.44,18.07333333,17.48941371,,
43726,2357,-1776,-107.89,17.98166667,17.53863901,,
43740,2371,-1780,-108.32,18.05333333,17.59010844,,
43753,2384,-1806,-110.15,18.35833333,17.66693093,,
43766,2397,-1859,-113.5,18.91666667,17.7919045,,
43780,2411,-1922,-117.4,19.56666667,17.96938072,,
43793,2424,-1968,-119.9,19.98333333,18.17077598,,
43806,2437,-1976,-120.21,20.035,18.35719838,,
43820,2451,-1956,-119.05,19.84166667,18.50564521,,
43833,2464,-1950,-118.68,19.78,18.63308069,,
43846,2477,-1963,-119.78,19.96333333,18.76610595,,
43859,2490,-2004,-122.04,20.34,18.92349536,,
43873,2504,-2063,-126,21,19.13114582,,
43886,2517,-2089,-127.04,21.17333333,19.33536457,,
43899,2530,-2016,-122.22,20.37,19.43882812,,
43913,2544,-1921,-116.43,19.405,19.4354453,,
43926,2557,-1898,-115.82,19.30333333,19.42223411,,
43938,2569,-1915,-116.55,19.425,19.4225107,,
43952,2583,-1930,-117.65,19.60833333,19.44109296,,
43965,2596,-1972,-120.21,20.035,19.50048366,,
43978,2609,-1979,-120.75,20.125,19.5629353,,
43992,2623,-2012,-122.71,20.45166667,19.65180843,,
44005,2636,-2023,-123.38,20.56333333,19.74296092,,
44018,2649,-2039,-124.29,20.715,19.84016483,,
44032,2663,-2072,-126.43,21.07166667,19.96331502,,
44045,2676,-2101,-128.32,21.38666667,20.10565018,,
44058,2689,-2137,-130.15,21.69166667,20.26425183,,
44071,2702,-2151,-131.06,21.84333333,20.42215998,,
44085,2716,-2189,-133.38,22.23,20.60294398,,
44098,2729,-2193,-133.68,22.28,20.77064958,,
44111,2742,-2229,-135.88,22.64666667,20.95825129,,
44125,2756,-2271,-138.25,23.04166667,21.16659283,,
44138,2769,-2267,-138.13,23.02166667,21.35210021,,
44151,2782,-2309,-141,23.5,21.56689019,,
44165,2796,-2360,-143.93,23.98833333,21.80903451,,
44178,2809,-2391,-145.82,24.30333333,22.05846439,,
44190,2821,-2375,-144.78,24.13,22.26561795,,
44204,2835,-2405,-147.1,24.51666667,22.49072282,,
44217,2848,-2498,-151.79,25.29833333,22.77148387,,
44230,2861,-2484,-151.73,25.28833333,23.02316882,,
44243,2874,-2534,-154.84,25.80666667,23.3015186,,
44257,2888,-2622,-159.72,26.62,23.63336674,,
44270,2901,-2544,-155.45,25.90833333,23.8608634,,
44283,2914,-2579,-157.16,26.19333333,24.0941104,,
44297,2928,-2577,-157.1,26.18333333,24.30303269,,
44310,2941,-2622,-160.08,26.68,24.54072942,,
44323,2954,-2656,-161.61,26.935,24.78015648,,
44337,2968,-2632,-160.33,26.72166667,24.9743075,,
44350,2981,-2644,-161.18,26.86333333,25.16321008,,
44363,2994,-2661,-162.28,27.04666667,25.35155574,,
44377,3008,-2673,-163.19,27.19833333,25.5362335,,
44390,3021,-2765,-168.32,28.05333333,25.78794348,,
44403,3034,-2721,-166.12,27.68666667,25.9778158,,
44417,3048,-2757,-167.58,27.93,26.17303422,,
44430,3061,-2751,-166.79,27.79833333,26.33556413,,
44442,3073,-2737,-166.85,27.80833333,26.48284105,,
44455,3086,-2748,-167.52,27.92,26.62655695,,
44469,3100,-2746,-167.46,27.91,26.75490125,,
44482,3113,-2796,-170.33,28.38833333,26.91824446,,
44495,3126,-2874,-175.57,29.26166667,27.15258668,,
44509,3140,-2823,-171.61,28.60166667,27.29749468,,
44522,3153,-2847,-173.68,28.94666667,27.46241188,,
44535,3166,-2882,-175.14,29.19,27.63517069,,
44549,3180,-2903,-177.22,29.53666667,27.82532029,,
44562,3193,-2939,-179.11,29.85166667,28.02795493,,
44575,3206,-2919,-178.13,29.68833333,28.19399277,,
44589,3220,-2944,-179.47,29.91166667,28.36576016,,
44602,3233,-3003,-183.32,30.55333333,28.58451747,,
44615,3246,-3006,-182.95,30.49166667,28.77523239,,
44628,3259,-3022,-184.05,30.675,28.96520915,,
44642,3273,-3040,-185.33,30.88833333,29.15752157,,
44655,3286,-3108,-189.66,31.61,29.40276941,,
44668,3299,-3145,-191.91,31.985,29.66099247,,
44682,3313,-3212,-195.63,32.605,29.95539323,,
44694,3325,-3186,-194.11,32.35166667,30.19502057,,
44707,3338,-3294,-200.94,33.49,30.52451851,,
44721,3352,-3282,-199.78,33.29666667,30.80173333,,
44734,3365,-3245,-198.19,33.03166667,31.02472666,,
44747,3378,-3341,-203.62,33.93666667,31.31592066,,
44761,3392,-3373,-205.88,34.31333333,31.61566193,,
44774,3405,-3462,-211.61,35.26833333,31.98092907,,
44787,3418,-3351,-204.05,34.00833333,32.1836695,,
44801,3432,-3437,-209.29,34.88166667,32.45346921,,
44814,3445,-3492,-212.95,35.49166667,32.75728896,,
44827,3458,-3413,-207.64,34.60666667,32.94222673,,
44840,3471,-3441,-210.08,35.01333333,33.14933739,,
44854,3485,-3473,-211.73,35.28833333,33.36323698,,
44867,3498,-3516,-214.72,35.78666667,33.60557995,,
44880,3511,-3539,-215.45,35.90833333,33.83585529,,
44894,3525,-3490,-212.46,35.41,33.99326976,,
44907,3538,-3419,-208.31,34.71833333,34.06577612,,
44920,3551,-3405,-207.52,34.58666667,34.11786517,,
44933,3564,-3391,-206.61,34.435,34.14957866,,
44946,3577,-3383,-206.36,34.39333333,34.17395412,,
44959,3590,-3357,-204.17,34.02833333,34.15939204,,
44973,3604,-3383,-206.24,34.37333333,34.18078617,,
44986,3617,-3444,-210.08,35.01333333,34.26404089,,
44999,3630,-3458,-210.51,35.085,34.3461368,,
45012,3643,-3470,-211.79,35.29833333,34.44135645,,
45026,3657,-3542,-216.18,36.03,34.60022081,,
45039,3670,-3623,-220.75,36.79166667,34.81936539,,
45052,3683,-3650,-222.52,37.08666667,35.04609552,,
45066,3697,-3710,-226.18,37.69666667,35.31115264,,
45079,3710,-3761,-229.41,38.235,35.60353737,,
45092,3723,-3726,-226.36,37.72666667,35.8158503,,
45106,3737,-3559,-216.12,36.02,35.83626527,,
45119,3750,-3542,-216.18,36.03,35.85563874,,
45132,3763,-3573,-217.71,36.285,35.89857487,,
45146,3777,-3601,-219.78,36.63,35.97171738,,
45159,3790,-3631,-221.55,36.925,36.06704564,,
45172,3803,-3669,-223.5,37.25,36.18534108,,
45186,3817,-3673,-224.17,37.36166667,36.30297364,,
45198,3829,-3765,-229.66,38.27666667,36.50034294,,
45211,3842,-3759,-228.68,38.11333333,36.66164198,,
45224,3855,-3762,-229.05,38.175,36.81297778,,
45238,3869,-3696,-224.84,37.47333333,36.87901334,,
45251,3882,-3724,-227.4,37.9,36.981112,,
45264,3895,-3809,-232.52,38.75333333,37.15833414,,
45278,3909,-3801,-231,38.5,37.29250072,,
45291,3922,-3786,-231.12,38.52,37.41525065,,
45304,3935,-3837,-234.05,39.00833333,37.57455892,,
45318,3949,-3846,-233.56,38.92666667,37.70976969,,
45331,3962,-3766,-229.96,38.32666667,37.77145939,,
45344,3975,-3833,-233.74,38.95666667,37.88998012,,
45358,3989,-3819,-232.46,38.74333333,37.97531544,,
45371,4002,-3795,-231.73,38.62166667,38.03995056,,
45384,4015,-3863,-235.51,39.25166667,38.16112217,,
45398,4029,-3896,-237.77,39.62833333,38.30784329,,
45411,4042,-3874,-235.94,39.32333333,38.40939229,,
45424,4055,-3866,-235.75,39.29166667,38.49761973,,
45437,4068,-3861,-235.2,39.2,38.56785776,,
45450,4081,-3844,-234.23,39.03833333,38.61490532,,
45463,4094,-3845,-234.47,39.07833333,38.66124812,,
45476,4107,-3829,-233.25,38.875,38.68262331,,
45490,4121,-3823,-233.01,38.835,38.69786097,,
45503,4134,-3714,-225.75,37.625,38.59057488,,
45516,4147,-3700,-225.14,37.52333333,38.48385072,,
45530,4161,-3669,-223.74,37.29,38.36446565,,
45543,4174,-3725,-227.4,37.9,38.31801909,,
45556,4187,-3823,-233.01,38.835,38.36971718,,
45570,4201,-3858,-235.39,39.23166667,38.45591213,,
45583,4214,-3927,-239.41,39.90166667,38.60048758,,
45596,4227,-4000,-243.99,40.665,38.80693882,,
45609,4240,-4007,-244.23,40.705,38.99674494,,
45623,4254,-4030,-245.75,40.95833333,39.19290378,,
45636,4267,-4082,-248.74,41.45666667,39.41928007,,
45649,4280,-4067,-247.46,41.24333333,39.60168539,,
45663,4294,-3997,-243.68,40.61333333,39.70285019,,
45676,4307,-3967,-242.03,40.33833333,39.7663985,,
45688,4319,-3979,-242.28,40.38,39.82775865,,
45702,4333,-3910,-238.01,39.66833333,39.81181612,,
45715,4346,-3926,-239.35,39.89166667,39.81980118,,
45728,4359,-3898,-237.46,39.57666667,39.79548772,,
45742,4373,-3872,-235.88,39.31333333,39.74727229,,
45755,4386,-3928,-239.78,39.96333333,39.76887839,,
45768,4399,-3985,-242.77,40.46166667,39.83815722,,
45782,4413,-3894,-237.28,39.54666667,39.80900816,,
45795,4426,-3931,-239.29,39.88166667,39.81627401,,
45808,4439,-3905,-237.83,39.63833333,39.79847995,,
45821,4452,-3867,-235.39,39.23166667,39.74179862,,
45835,4466,-3842,-234.11,39.01833333,39.66945209,,
45848,4479,-3811,-231.97,38.66166667,39.56867355,,
45861,4492,-3742,-227.83,37.97166667,39.40897286,,
45875,4506,-3693,-224.9,37.48333333,39.21640891,,
45888,4519,-3646,-221.97,36.995,38.99426802,,
45901,4532,-3564,-216.79,36.13166667,38.70800788,,
45915,4546,-3524,-214.47,35.745,38.41170709,,
45928,4559,-3521,-214.47,35.745,38.14503638,,
45941,4572,-3458,-210.08,35.01333333,37.83186608,,
45954,4585,-3315,-200.88,33.48,37.39667947,,
45967,4598,-3062,-185.45,30.90833333,36.74784486,,
45980,4611,-2800,-169.72,28.28666667,35.90172704,,
45993,4624,-2653,-161.73,26.955,35.00705433,,
46007,4638,-2660,-162.28,27.04666667,34.21101557,,
46020,4651,-2693,-164.23,27.37166667,33.52708068,,
46033,4664,-2726,-166.18,27.69666667,32.94403928,,
46047,4678,-2698,-164.17,27.36166667,32.38580202,,
46060,4691,-2675,-162.83,27.13833333,31.86105515,,
46073,4704,-2675,-162.89,27.14833333,31.38978297,,
46087,4718,-2718,-166.24,27.70666667,31.02147134,,
46100,4731,-2809,-171.61,28.60166667,30.77949087,,
46113,4744,-2875,-175.69,29.28166667,30.62970845,,
46127,4758,-2976,-181.55,30.25833333,30.59257094,,
46140,4771,-3063,-186.97,31.16166667,30.64948051,,
46153,4784,-3148,-191.79,31.965,30.78103246,,
46167,4798,-3197,-195.02,32.50333333,30.95326255,,
46180,4811,-3286,-200.45,33.40833333,31.19876963,,
46193,4824,-3369,-205.45,34.24166667,31.50305933,,
46205,4836,-3431,-208.99,34.83166667,31.83592006,,
46219,4850,-3467,-211.67,35.27833333,32.18016139,,
46232,4863,-3486,-212.46,35.41,32.50314525,,
46245,4876,-3506,-213.62,35.60333333,32.81316406,,
46259,4890,-3503,-213.31,35.55166667,33.08701432,,
46272,4903,-3547,-216.24,36.04,33.38231289,,
46285,4916,-3622,-221.12,36.85333333,33.72941493,,
46299,4930,-3718,-226.97,37.82833333,34.13930677,,
46312,4943,-3800,-231.85,38.64166667,34.58954276,,
46325,4956,-3871,-236.36,39.39333333,35.06992182,,
46339,4970,-3948,-240.75,40.125,35.57542964,,
46352,4983,-3971,-242.16,40.36,36.05388667,,
46365,4996,-4014,-244.72,40.78666667,36.52716467,,
46379,5010,-4074,-248.74,41.45666667,37.02011487,,
46392,5023,-4107,-250.39,41.73166667,37.49127005,,
46405,5036,-4181,-255.08,42.51333333,37.99347638,,
46418,5049,-4151,-252.4,42.06666667,38.40079541,,
46432,5063,-3977,-240.39,40.065,38.56721587,,
46445,5076,-3862,-235.63,39.27166667,38.63766095,,
46458,5089,-3910,-238.38,39.73,38.74689485,,
46471,5102,-3901,-237.89,39.64833333,38.8370387,,
46484,5115,-3948,-240.81,40.135,38.96683483,,
46497,5128,-3998,-244.05,40.675,39.13765135,,
46511,5142,-4085,-248.86,41.47666667,39.37155288,,
46524,5155,-3988,-242.52,40.42,39.47639759,,
46537,5168,-3931,-239.35,39.89166667,39.5179245,,
46551,5182,-3860,-235.45,39.24166667,39.49029872,,
46564,5195,-3883,-236.73,39.455,39.48676884,,
46577,5208,-3931,-239.66,39.94333333,39.53242529,,
46590,5221,-3892,-237.03,39.505,39.52968276,,
46604,5235,-3889,-237.16,39.52666667,39.52938115,,
46617,5248,-3940,-240.2,40.03333333,39.57977637,,
46630,5261,-3982,-242.89,40.48166667,39.6699654,,
46644,5275,-4034,-246.18,41.03,39.80596886,,
46657,5288,-4070,-247.95,41.325,39.95787198,,
46670,5301,-4031,-245.27,40.87833333,40.04991811,,
46684,5315,-3996,-243.25,40.54166667,40.09909297,,
46697,5328,-3984,-242.46,40.41,40.13018367,,
46710,5341,-3881,-236.12,39.35333333,40.05249864,,
46723,5354,-3868,-235.75,39.29166667,39.97641544,,
46736,5367,-3927,-239.72,39.95333333,39.97410723,,
46749,5380,-4019,-245.08,40.84666667,40.06136317,,
46763,5394,-4096,-250.14,41.69,40.22422686,,
46776,5407,-4200,-256.3,42.71666667,40.47347084,,
46789,5420,-4244,-258.5,43.08333333,40.73445709,,
46802,5433,-4273,-260.69,43.44833333,41.00584471,,
46816,5447,-4349,-265.27,44.21166667,41.32642691,,
46829,5460,-4315,-262.64,43.77333333,41.57111755,,
46842,5473,-4045,-245.2,40.86666667,41.50067246,,
46856,5487,-4046,-247.1,41.18333333,41.46893855,,
46869,5500,-4062,-247.77,41.295,41.45154469,,
46882,5513,-4074,-248.07,41.345,41.44089022,,
46896,5527,-4001,-243.86,40.64333333,41.36113453,,
46909,5540,-4027,-245.27,40.87833333,41.31285441,,
46922,5553,-4106,-250.81,41.80166667,41.36173564,,
46936,5567,-4196,-255.81,42.635,41.48906208,,
46949,5580,-4194,-255.94,42.65666667,41.60582254,,
46962,5593,-4090,-248.86,41.47666667,41.59290695,,
46974,5605,-4093,-249.78,41.63,41.59661625,,
46988,5619,-4117,-250.51,41.75166667,41.61212129,,
47001,5632,-4047,-246.3,41.05,41.55590917,,
47014,5645,-4059,-247.28,41.21333333,41.52165158,,
47028,5659,-4046,-246.49,41.08166667,41.47765309,,
47041,5672,-4047,-246.55,41.09166667,41.43905445,,
47054,5685,-4062,-247.83,41.305,41.425649,,
47068,5699,-4021,-244.78,40.79666667,41.36275077,,
47081,5712,-4007,-244.35,40.725,41.29897569,,
47094,5725,-4065,-248.13,41.355,41.30457812,,
47108,5739,-4121,-251.42,41.90333333,41.36445364,,
47121,5752,-4239,-258.92,43.15333333,41.54334161,,
47134,5765,-4374,-266.91,44.485,41.83750745,,
47148,5779,-4369,-266.12,44.35333333,42.08909004,,
47161,5792,-4136,-250.69,41.78166667,42.0583477,,
47174,5805,-4137,-252.58,42.09666667,42.0621796,,
47187,5818,-4139,-252.58,42.09666667,42.06562831,,
47201,5832,-4247,-259.17,43.195,42.17856548,,
47214,5845,-4150,-252.89,42.14833333,42.17554226,,
47226,5857,-4206,-256.36,42.72666667,42.2306547,,
47240,5871,-4256,-259.53,43.255,42.33308923,,
47253,5884,-4318,-262.77,43.795,42.47928031,,
47266,5897,-4185,-254.96,42.49333333,42.48068561,,
47280,5911,-4260,-259.84,43.30666667,42.56328372,,
47293,5924,-4351,-265.75,44.29166667,42.73612201,,
47306,5937,-4336,-263.13,43.855,42.84800981,,
47320,5951,-4292,-261.73,43.62166667,42.9253755,,
47333,5964,-4317,-263.13,43.855,43.01833795,,
47346,5977,-4319,-262.77,43.795,43.09600415,,
47360,5991,-4324,-263.92,43.98666667,43.1850704,,
47373,6004,-4359,-265.63,44.27166667,43.29373003,,
47386,6017,-4328,-263.19,43.865,43.35085703,,
47399,6030,-4242,-258.19,43.03166667,43.31893799,,
47413,6044,-4090,-248.56,41.42666667,43.12971086,,
47426,6057,-3973,-241.67,40.27833333,42.84457311,,
47439,6070,-3888,-236.55,39.425,42.5026158,,
47453,6084,-3759,-228.8,38.13333333,42.06568755,,
47466,6097,-3674,-223.56,37.26,41.58511879,,
47479,6110,-3617,-220.33,36.72166667,41.09877358,,
47492,6123,-3511,-213.13,35.52166667,40.54106289,,
47505,6136,-3399,-206.97,34.495,39.9364566,,
47518,6149,-3372,-205.45,34.24166667,39.36697761,,
47532,6163,-3363,-204.84,34.14,38.84427985,,
47545,6176,-3338,-203.32,33.88666667,38.34851853,,
47558,6189,-3328,-202.58,33.76333333,37.89000001,,
47571,6202,-3300,-200.94,33.49,37.45000001,,
47585,6216,-3268,-198.62,33.10333333,37.01533334,,
47598,6229,-3213,-195.51,32.585,36.57230001,,
47611,6242,-3186,-194.11,32.35166667,36.15023667,,
47625,6256,-3145,-191.36,31.89333333,35.72454634,,
47638,6269,-3064,-186.06,31.01,35.2530917,,
47651,6282,-3024,-183.8,30.63333333,34.79111587,,
47665,6296,-3007,-183.19,30.53166667,34.36517095,,
47678,6309,-2999,-182.64,30.44,33.97265385,,
47691,6322,-2952,-179.72,29.95333333,33.5707218,,
47705,6336,-2919,-177.46,29.57666667,33.17131629,,
47718,6349,-2864,-174.17,29.02833333,32.75701799,,
47731,6362,-2822,-171.91,28.65166667,32.34648286,,
47745,6376,-2762,-168.01,28.00166667,31.91200124,,
47757,6388,-2718,-165.39,27.565,31.47730112,,
47770,6401,-2708,-165.08,27.51333333,31.08090434,,
47783,6414,-2734,-166.67,27.77833333,30.75064724,,
47797,6428,-2774,-169.41,28.235,30.49908251,,
47810,6441,-2795,-170.39,28.39833333,30.2890076,,
47823,6454,-2826,-172.52,28.75333333,30.13544017,,
47837,6468,-2907,-177.4,29.56666667,30.07856282,,
47850,6481,-2979,-181.55,30.25833333,30.09653987,,
47863,6494,-3013,-183.56,30.59333333,30.14621922,,
47877,6508,-3084,-188.13,31.355,30.2670973,,
47890,6521,-3196,-195.21,32.535,30.49388757,,
47903,6534,-3361,-205.75,34.29166667,30.87366548,,
47917,6548,-3514,-214.78,35.79666667,31.36596559,,
47930,6561,-3715,-227.4,37.9,32.01936904,,
47943,6574,-3978,-243.92,40.65333333,32.88276547,,
47956,6587,-4226,-258.01,43.00166667,33.89465559,,
47970,6601,-4425,-270.88,45.14666667,35.01985669,,
47983,6614,-4646,-283.92,47.32,36.24987102,,
47996,6627,-4716,-287.58,47.93,37.41788392,,
48009,6640,-4723,-288.01,48.00166667,38.4762622,,
48022,6653,-4655,-283.13,47.18833333,39.34746931,,
48035,6666,-4532,-276,46,40.01272238,,
48049,6680,-4544,-276.91,46.15166667,40.62661681,,
48062,6693,-4518,-275.27,45.87833333,41.15178846,,
48075,6706,-4496,-273.62,45.60333333,41.59694295,,
48089,6720,-4553,-277.89,46.315,42.06874865,,
48102,6733,-4568,-278.01,46.335,42.49537379,,
48115,6746,-4627,-282.34,47.05666667,42.95150308,,
48129,6760,-4737,-288.68,48.11333333,43.4676861,,
48142,6773,-4783,-291.91,48.65166667,43.98608416,,
48155,6786,-4862,-297.16,49.52666667,44.54014241,,
48168,6799,-4920,-300.02,50.00333333,45.0864615,,
48182,6813,-4971,-303.68,50.61333333,45.63914868,,
48195,6826,-5065,-309.17,51.52833333,46.22806715,,
48208,6839,-5142,-313.74,52.29,46.83426043,,
48222,6853,-5282,-322.64,53.77333333,47.52816772,,
48235,6866,-5400,-329.9,54.98333333,48.27368429,,
48248,6879,-5568,-340.51,56.75166667,49.12148252,,
48261,6892,-5668,-345.69,57.615,49.97083427,,
48274,6905,-5772,-351.97,58.66166667,50.83991751,,
48287,6918,-5863,-356.73,59.455,51.70142576,,
48301,6932,-5902,-360.14,60.02333333,52.53361652,,
48314,6945,-6015,-366.91,61.15166667,53.39542153,,
48327,6958,-6074,-370.57,61.76166667,54.23204605,,
48340,6971,-6079,-369.78,61.63,54.97184144,,
48354,6985,-5801,-345.45,57.575,55.2321573,,
48367,6998,-3699,-227.83,37.97166667,53.50610823,,
48380,7011,-3905,-237.64,39.60666667,52.11616408,,
48394,7025,-3910,-238.07,39.67833333,50.872381,,
48407,7038,-3960,-242.16,40.36,49.8211429,,
48420,7051,-4014,-245.02,40.83666667,48.92269528,,
48434,7065,-4123,-251.55,41.925,48.22292575,,
48447,7078,-4263,-260.14,43.35666667,47.73629984,,
48460,7091,-4556,-278.74,46.45666667,47.60833652,,
48474,7105,-4613,-281.55,46.925,47.54000287,,
48487,7118,-4644,-282.95,47.15833333,47.50183592,,
48500,7131,-4636,-282.22,47.03666667,47.45531899,,
48514,7145,-4636,-282.64,47.10666667,47.42045376,,
48526,7157,-4635,-282.34,47.05666667,47.38407505,,
48539,7170,-4663,-284.59,47.43166667,47.38883421,,
48552,7183,-4726,-288.25,48.04166667,47.45411746,,
48566,7197,-4736,-288.68,48.11333333,47.52003905,,
48579,7210,-4810,-293.5,48.91666667,47.65970181,,
48592,7223,-4888,-297.46,49.57666667,47.85139829,,
48606,7237,-4437,-267.7,44.61666667,47.52792513,,
48619,7250,-4378,-267.58,44.59666667,47.23479928,,
48632,7263,-4467,-272.77,45.46166667,47.05748602,,
48646,7277,-4647,-283.98,47.33,47.08473742,,
48659,7290,-4776,-291.42,48.57,47.23326368,,
48672,7303,-4635,-280.63,46.77166667,47.18710398,,
48686,7317,-4687,-286.79,47.79833333,47.24822691,,
48699,7330,-4764,-288.86,48.14333333,47.33773755,,
48712,7343,-4621,-281.79,46.965,47.3004638,,
48726,7357,-4733,-288.86,48.14333333,47.38475075,,
48739,7370,-4844,-295.81,49.30166667,47.57644234,,
48752,7383,-4921,-300.2,50.03333333,47.82213144,,
48765,7396,-4911,-298.74,49.79,48.0189183,,
48779,7410,-4797,-292.16,48.69333333,48.0863598,,
48791,7422,-4896,-298.44,49.74,48.25172382,,
48804,7435,-4836,-294.17,49.02833333,48.32938477,,
48818,7449,-4753,-289.78,48.29666667,48.32611296,,
48831,7462,-4737,-288.5,48.08333333,48.301835,,
48844,7475,-4708,-286.42,47.73666667,48.24531817,,
48858,7489,-4644,-282.52,47.08666667,48.12945302,,
48871,7502,-4463,-271.42,45.23666667,47.84017438,,
48884,7515,-4354,-265.02,44.17,47.47315694,,
48898,7529,-4323,-263.13,43.855,47.11134125,,
48911,7542,-4226,-257.34,42.89,46.68920712,,
48924,7555,-4236,-258.38,43.06333333,46.32661974,,
48937,7568,-4289,-261.36,43.56,46.04995777,,
48951,7582,-4304,-262.64,43.77333333,45.82229533,,
48964,7595,-4395,-268.19,44.69833333,45.70989913,,
48977,7608,-4436,-270.33,45.055,45.64440921,,
48991,7622,-4465,-272.28,45.38,45.61796829,,
49004,7635,-4528,-276.12,46.02,45.65817146,,
49017,7648,-4560,-278.01,46.335,45.72585432,,
49031,7662,-4642,-283.44,47.24,45.87726889,,
49044,7675,-4744,-289.11,48.185,46.108042,,
49057,7688,-4745,-289.23,48.205,46.3177378,,
49070,7701,-4780,-291.18,48.53,46.53896402,,
49083,7714,-4794,-292.03,48.67166667,46.75223428,,
49096,7727,-4821,-294.23,49.03833333,46.98084419,,
49110,7741,-4944,-302.03,50.33833333,47.3165931,,
49123,7754,-5036,-307.64,51.27333333,47.71226713,,
49136,7767,-5158,-314.9,52.48333333,48.18937375,,
49149,7780,-5204,-317.16,52.86,48.65643637,,
49163,7794,-5228,-318.5,53.08333333,49.09912607,,
49176,7807,-5242,-319.47,53.245,49.51371346,,
49189,7820,-5248,-320.08,53.34666667,49.89700878,,
49203,7834,-5340,-325.75,54.29166667,50.33647457,,
49216,7847,-5382,-328.56,54.76,50.77882711,,
49229,7860,-5467,-333.8,55.63333333,51.26427774,,
49243,7874,-5470,-333.44,55.57333333,51.69518329,,
49256,7887,-5444,-331.48,55.24666667,52.05033163,,
49269,7900,-5373,-327.03,54.505,52.29579847,,
49283,7914,-5363,-326.73,54.455,52.51171862,,
49296,7927,-5401,-329.05,54.84166667,52.74471343,,
49309,7940,-5398,-328.56,54.76,52.94624208,,
49323,7954,-5393,-328.31,54.71833333,53.12345121,,
49335,7966,-5307,-322.77,53.795,53.19060609,,
49348,7979,-4971,-301.55,50.25833333,52.89737881,,
49361,7992,-4812,-293.25,48.875,52.49514093,,
49375,8006,-4832,-294.72,49.12,52.15762684,,
49388,8019,-4868,-296.42,49.40333333,51.88219749,,
49401,8032,-4930,-300.94,50.15666667,51.70964441,,
49415,8046,-4904,-299.11,49.85166667,51.52384663,,
49428,8059,-4997,-305.14,50.85666667,51.45712864,,
49441,8072,-5030,-305.69,50.94833333,51.4062491,,
49455,8086,-5057,-307.64,51.27333333,51.39295753,,
49468,8099,-4995,-304.41,50.735,51.32716178,,
49481,8112,-5017,-306,51,51.2944456,,
49495,8126,-4992,-304.11,50.685,51.23350104,,
49508,8139,-5001,-305.39,50.89833333,51.19998427,,
49521,8152,-5093,-310.51,51.75166667,51.25515251,,
49534,8165,-5073,-309.29,51.54833333,51.28447059,,
49548,8179,-5155,-314.59,52.43166667,51.3991902,,
49561,8192,-5159,-314.78,52.46333333,51.50560451,,
49574,8205,-5181,-315.94,52.65666667,51.62071073,,
49588,8219,-5081,-309.29,51.54833333,51.61347299,,
49601,8232,-5069,-308.8,51.46666667,51.59879236,,
49613,8244,-5099,-310.57,51.76166667,51.61507979,,
49627,8258,-5062,-308.31,51.385,51.59207181,,
49640,8271,-5060,-308.31,51.385,51.57136463,,
49653,8284,-5022,-305.81,50.96833333,51.5110615,,
49667,8298,-4978,-303.38,50.56333333,51.41628868,,
49680,8311,-4938,-300.45,50.075,51.28215981,,
49693,8324,-4814,-293.19,48.865,51.04044383,,
49707,8338,-4757,-289.9,48.31666667,50.76806612,,
49720,8351,-4650,-282.83,47.13833333,50.40509284,,
49733,8364,-4563,-277.89,46.315,49.99608355,,
49746,8377,-4551,-277.22,46.20333333,49.61680853,,
49760,8391,-4550,-277.52,46.25333333,49.28046101,,
49773,8404,-4669,-285.14,47.52333333,49.10474824,,
49786,8417,-4859,-296.85,49.475,49.14177342,,
49800,8431,-5056,-309.05,51.50833333,49.37842941,,
49813,8444,-5297,-323.56,53.92666667,49.83325314,,
49826,8457,-5464,-333.8,55.63333333,50.41326116,,
49840,8471,-5629,-343.62,57.27,51.09893504,,
49853,8484,-5701,-347.64,57.94,51.78304154,,
49866,8497,-5767,-351.85,58.64166667,52.46890405,,
49879,8510,-5762,-351.24,58.54,53.07601364,,
49892,8523,-5765,-351.18,58.53,53.62141228,,
49905,8536,-5678,-345.81,57.635,54.02277105,,
49918,8549,-5475,-332.16,55.36,54.15649395,,
49932,8563,-5166,-313.62,52.27,53.96784455,,
49945,8576,-5034,-307.16,51.19333333,53.69039343,,
49958,8589,-5097,-310.81,51.80166667,53.50152075,,
49972,8603,-5084,-309.78,51.63,53.31436868,,
49985,8616,-5002,-304.53,50.755,53.05843181,,
49998,8629,-4950,-301.3,50.21666667,52.7742553,,
50012,8643,-4849,-295.39,49.23166667,52.41999643,,
50025,8656,-4772,-289.96,48.32666667,52.01066346,,
50038,8669,-4655,-283.5,47.25,51.53459711,,
50052,8683,-4572,-278.13,46.355,51.0166374,,
50065,8696,-4497,-273.74,45.62333333,50.47730699,,
50078,8709,-4470,-272.28,45.38,49.96757629,,
50092,8723,-4534,-276.42,46.07,49.57781866,,
50105,8736,-4484,-272.34,45.39,49.1590368,,
50118,8749,-4410,-268.25,44.70833333,48.71396645,,
50131,8762,-4391,-267.4,44.56666667,48.29923647,,
50145,8776,-4360,-265.81,44.30166667,47.89947949,,
50157,8788,-4394,-268.13,44.68833333,47.57836488,,
50170,8801,-4449,-271.42,45.23666667,47.34419506,,
50184,8815,-4522,-276,46,47.20977555,,
50197,8828,-4659,-284.66,47.44333333,47.23313133,,
50210,8841,-4756,-290.08,48.34666667,47.34448486,,
50224,8855,-4863,-296.61,49.435,47.55353638,,
50237,8868,-4933,-301.3,50.21666667,47.81984941,,
50250,8881,-4956,-302.28,50.38,48.07586446,,
50264,8895,-5023,-306.79,51.13166667,48.38144468,,
50277,8908,-5120,-312.4,52.06666667,48.74996688,,
50290,8921,-5282,-322.7,53.78333333,49.25330353,,
50304,8935,-5498,-335.2,55.86666667,49.91463984,,
50317,8948,-5619,-343.13,57.18833333,50.64200919,,
50330,8961,-5706,-347.46,57.91,51.36880827,,
50343,8974,-5629,-342.83,57.13833333,51.94576078,,
50357,8988,-5548,-337.52,56.25333333,52.37651803,,
50370,9001,-5471,-333.8,55.63333333,52.70219956,,
50383,9014,-5533,-337.83,56.305,53.06247961,,
50397,9028,-5558,-339.05,56.50833333,53.40706498,,
50409,9040,-5576,-340.2,56.7,53.73635848,,
50422,9053,-5534,-336.61,56.10166667,53.9728893,,
50436,9067,-5506,-335.87,55.97833333,54.1734337,,
50449,9080,-5540,-337.34,56.22333333,54.37842367,,
50462,9093,-5509,-335.75,55.95833333,54.53641463,,
50476,9107,-5472,-332.83,55.47166667,54.62993984,,
50489,9120,-5335,-324.66,54.11,54.57794585,,
50502,9133,-5256,-320.02,53.33666667,54.45381793,,
50515,9146,-5134,-312.7,52.11666667,54.22010281,,
50529,9160,-5110,-311.48,51.91333333,53.98942586,,
50542,9173,-5130,-312.52,52.08666667,53.79914994,,
50555,9186,-5188,-316.42,52.73666667,53.69290161,,
50569,9200,-5294,-322.64,53.77333333,53.70094479,,
50582,9213,-5358,-326.91,54.485,53.77935031,,
50595,9226,-5398,-328.56,54.76,53.87741528,,
50609,9240,-5119,-311.18,51.86333333,53.67600708,,
50622,9253,-4994,-304.23,50.705,53.37890637,,
50635,9266,-5024,-306.18,51.03,53.14401574,,
50649,9280,-5109,-311.61,51.935,53.02311416,,
50662,9293,-5130,-312.52,52.08666667,52.92946941,,
50675,9306,-5101,-310.69,51.78166667,52.81468914,,
50688,9319,-5123,-312.22,52.03666667,52.73688689,,
50701,9332,-5103,-310.75,51.79166667,52.64236487,,
50714,9345,-5076,-309.41,51.56833333,52.53496172,,
50727,9358,-5056,-307.7,51.28333333,52.40979888,,
50741,9372,-4965,-302.28,50.38,52.20681899,,
50754,9385,-4916,-299.47,49.91166667,51.97730376,,
50767,9398,-4780,-291.18,48.53,51.63257338,,
50781,9412,-4676,-284.53,47.42166667,51.21148271,,
50794,9425,-4573,-278.25,46.375,50.72783444,,
50807,9438,-4466,-271.85,45.30833333,50.18588433,,
50821,9452,-4427,-269.72,44.95333333,49.66262923,,
50834,9465,-4409,-268.56,44.76,49.17236631,,
50847,9478,-4366,-266,44.33333333,48.68846301,,
50861,9492,-4396,-268.19,44.69833333,48.28945004,,
50874,9505,-4434,-270.63,45.105,47.97100504,,
50887,9518,-4489,-274.11,45.685,47.74240453,,
50900,9531,-4586,-279.96,46.66,47.63416408,,
50914,9545,-4629,-281.97,46.995,47.57024767,,
50927,9558,-4700,-287.09,47.84833333,47.59805624,,
50940,9571,-4821,-294.17,49.02833333,47.74108395,,
50954,9585,-4927,-300.51,50.085,47.97547555,,
50966,9597,-5028,-306.48,51.08,48.285928,,
50979,9610,-5042,-307.4,51.23333333,48.58066853,,
50993,9624,-5036,-306.67,51.11166667,48.83376834,,
51006,9637,-4984,-303.07,50.51166667,49.00155818,,
51019,9650,-4953,-301.61,50.26833333,49.12823569,,
51033,9664,-4971,-302.77,50.46166667,49.26157879,,
51046,9677,-4943,-300.88,50.14666667,49.35008758,,
51059,9690,-4956,-302.22,50.37,49.45207882,,
51073,9704,-4905,-298.13,49.68833333,49.47570427,,
51086,9717,-4818,-293.13,48.855,49.41363384,,
51099,9730,-4713,-286.18,47.69666667,49.24193713,,
51112,9743,-4508,-273.92,45.65333333,48.88307675,,
51126,9757,-4374,-266.06,44.34333333,48.42910241,,
51139,9770,-4256,-258.8,43.13333333,47.8995255,,
51152,9783,-4101,-249.41,41.56833333,47.26640628,,
51166,9797,-4031,-245.69,40.94833333,46.63459899,,
51179,9810,-3950,-240.08,40.01333333,45.97247242,,
51192,9823,-3865,-235.63,39.27166667,45.30239185,,
51206,9837,-3906,-238.44,39.74,44.74615266,,
51219,9850,-3979,-242.64,40.44,44.3155374,,
51231,9862,-3986,-243.07,40.51166667,43.93515032,,
51245,9876,-4007,-244.17,40.695,43.61113529,,
51258,9889,-3989,-242.58,40.43,43.29302176,,
51271,9902,-3900,-237.46,39.57666667,42.92138625,,
51284,9915,-3935,-240.08,40.01333333,42.63058096,,
51298,9929,-3982,-242.64,40.44,42.41152286,,
51311,9942,-3983,-242.95,40.49166667,42.21953724,,
51324,9955,-4031,-246,41,42.09758352,,
51338,9969,-4088,-249.23,41.53833333,42.0416585,,
51351,9982,-4125,-251.55,41.925,42.02999265,,
51364,9995,-4228,-258.31,43.05166667,42.13216005,,
51378,10009,-4341,-264.96,44.16,42.33494405,,
51391,10022,-4420,-269.96,44.99333333,42.60078298,,
51404,10035,-4507,-274.78,45.79666667,42.92037135,,
51418,10049,-4533,-276.06,46.01,43.22933421,,
51431,10062,-4550,-277.52,46.25333333,43.53173412,,
51444,10075,-4594,-280.27,46.71166667,43.84972738,,
51458,10089,-4582,-279.66,46.61,44.12575464,,
51471,10102,-4583,-279.53,46.58833333,44.37201251,,
51483,10114,-4618,-281,46.83333333,44.61814459,,
51496,10127,-4606,-280.51,46.75166667,44.8314968,,
51510,10141,-4654,-283.86,47.31,45.07934712,,
51523,10154,-4672,-284.59,47.43166667,45.31457907,,
51536,10167,-4695,-286.18,47.69666667,45.55278783,,
51550,10181,-4788,-292.58,48.76333333,45.87384238,,
51563,10194,-4854,-295.88,49.31333333,46.21779148,,
51576,10207,-4963,-302.58,50.43,46.63901233,,
51590,10221,-5018,-305.75,50.95833333,47.07094443,,
51603,10234,-5044,-307.4,51.23333333,47.48718332,,
51616,10247,-5079,-309.35,51.55833333,47.89429832,,
51630,10261,-5007,-304.9,50.81666667,48.18653516,,
51643,10274,-4931,-300.08,50.01333333,48.36921497,,
51656,10287,-4822,-293.25,48.875,48.41979348,,
51670,10301,-4751,-289.41,48.235,48.40131413,,
51683,10314,-4722,-287.34,47.89,48.35018272,,
51696,10327,-4628,-281.48,46.91333333,48.20649778,,
51709,10340,-4581,-279.23,46.53833333,48.03968133,,
51723,10354,-4579,-278.92,46.48666667,47.88437987,,
51736,10367,-4596,-280.69,46.78166667,47.77410855,,
51748,10379,-4727,-288.92,48.15333333,47.81203103,,
51762,10393,-4799,-292.7,48.78333333,47.90916126,,
51775,10406,-4915,-300.14,50.02333333,48.12057846,,
51788,10419,-5014,-305.94,50.99,48.40752062,,
51802,10433,-5087,-310.14,51.69,48.73576856,,
51815,10446,-5192,-317.09,52.84833333,49.14702503,,
51828,10459,-5274,-321.61,53.60166667,49.5924892,,
51842,10473,-5392,-329.66,54.94333333,50.12757361,,
51855,10486,-5511,-336.79,56.13166667,50.72798292,,
51868,10499,-5642,-344.59,57.43166667,51.39835129,,
51881,10512,-5761,-351.3,58.55,52.11351616,,
51895,10526,-5819,-354.84,59.14,52.81616455,,
51908,10539,-5881,-358.92,59.82,53.51654809,,
51921,10552,-5914,-360.02,60.00333333,54.16522662,,
51935,10566,-5917,-360.45,60.075,54.75620395,,
51948,10579,-5857,-356.73,59.455,55.22608356,,
51961,10592,-5831,-354.72,59.12,55.6154752,,
51975,10606,-5745,-349.96,58.32666667,55.88659435,,
51988,10619,-5690,-346.42,57.73666667,56.07160158,,
52001,10632,-5571,-338.92,56.48666667,56.11310809,,
52014,10645,-5472,-333.19,55.53166667,56.05496395,,
52027,10658,-5333,-324.41,54.06833333,55.85630089,,
52040,10671,-4824,-291.61,48.60166667,55.13083746,,
52054,10685,-4719,-287.22,47.87,54.40475372,,
52067,10698,-4611,-280.94,46.82333333,53.64661168,,
52080,10711,-4642,-282.89,47.14833333,52.99678384,,
52093,10724,-4646,-283.25,47.20833333,52.41793879,,
52107,10738,-4715,-287.52,47.92,51.96814491,,
52120,10751,-4760,-290.14,48.35666667,51.60699709,,
52133,10764,-4774,-291.3,48.55,51.30129738,,
52147,10778,-4841,-295.63,49.27166667,51.09833431,,
52160,10791,-4895,-298.68,49.78,50.96650088,,
52173,10804,-4978,-303.8,50.63333333,50.93318412,,
52187,10818,-5122,-312.4,52.06666667,51.04653238,,
52200,10831,-5183,-316.24,52.70666667,51.21254581,,
52213,10844,-5252,-320.45,53.40833333,51.43212456,,
52227,10858,-5195,-316.12,52.68666667,51.55757877,,
52240,10871,-4976,-302.28,50.38,51.43982089,,
52253,10884,-4806,-292.46,48.74333333,51.17017214,,
52267,10898,-4860,-296.61,49.435,50.99665492,,
52279,10910,-4924,-300.14,50.02333333,50.89932276,,
52292,10923,-4844,-294.84,49.14,50.72339049,,
52305,10936,-4867,-297.16,49.52666667,50.60371811,,
52319,10950,-4916,-299.47,49.91166667,50.53451296,,
52332,10963,-4899,-298.62,49.77,50.45806167,,
52345,10976,-4891,-297.95,49.65833333,50.37808883,,
52359,10990,-4856,-295.88,49.31333333,50.27161328,,
52372,11003,-4906,-299.23,49.87166667,50.23161862,,
52385,11016,-4923,-300.14,50.02333333,50.21079009,,
52399,11030,-4943,-300.69,50.115,50.20121108,,
52412,11043,-4876,-296.42,49.40333333,50.12142331,,
52425,11056,-4729,-287.28,47.88,49.89728098,,
52439,11070,-4553,-276.42,46.07,49.51455288,,
52452,11083,-4343,-263.68,43.94666667,48.95776426,,
52465,11096,-4162,-253.19,42.19833333,48.28182117,,
52478,11109,-4057,-247.22,41.20333333,47.57397238,,
52492,11123,-3930,-238.8,39.8,46.79657514,,
52505,11136,-3810,-231.91,38.65166667,45.9820843,,
52518,11149,-3775,-229.78,38.29666667,45.21354253,,
52532,11163,-3739,-227.4,37.9,44.48218828,,
52544,11175,-3688,-224.72,37.45333333,43.77930279,,
52557,11188,-3667,-223.25,37.20833333,43.12220584,,
52571,11202,-3654,-222.58,37.09666667,42.51965192,,
52584,11215,-3602,-219.41,36.56833333,41.92452006,,
52597,11228,-3585,-218.31,36.385,41.37056806,,
52611,11242,-3611,-220.08,36.68,40.90151125,,
52624,11255,-3582,-217.89,36.315,40.44286013,,
52637,11268,-3532,-214.96,35.82666667,39.98124078,,
52651,11282,-3501,-213.5,35.58333333,39.54145004,,
52664,11295,-3484,-212.22,35.37,39.12430503,,
52677,11308,-3451,-210.45,35.075,38.71937453,,
52690,11321,-3497,-213.38,35.56333333,38.40377041,,
52704,11335,-3585,-218.62,36.43666667,38.20706004,,
52717,11348,-3611,-220.02,36.67,38.05335403,,
52730,11361,-3673,-224.29,37.38166667,37.9861853,,
52744,11375,-3815,-233.19,38.865,38.07406677,,
52757,11388,-3978,-243.13,40.52166667,38.31882676,,
52770,11401,-4151,-254.72,42.45333333,38.73227741,,
52784,11415,-4389,-268.38,44.73,39.33204967,,
52796,11427,-4538,-277.4,46.23333333,40.02217804,,
52809,11440,-4671,-285.57,47.595,40.77946023,,
52823,11454,-4788,-291.73,48.62166667,41.56368088,,
52836,11467,-4738,-288.5,48.08333333,42.21564612,,
52849,11480,-4771,-291.18,48.53,42.84708151,,
52862,11493,-4865,-296.42,49.40333333,43.50270669,,
52876,11507,-4861,-296.48,49.41333333,44.09376936,,
52889,11520,-4900,-298.38,49.73,44.65739242,,
52902,11533,-4893,-298.5,49.75,45.16665318,,
52916,11547,-4923,-300.51,50.085,45.65848786,,
52929,11560,-4969,-302.64,50.44,46.13663908,,
52942,11573,-5012,-305.75,50.95833333,46.6188085,,
52956,11587,-5066,-309.05,51.50833333,47.10776098,,
52969,11600,-5079,-309.9,51.65,47.56198489,,
52982,11613,-5125,-312.52,52.08666667,48.01445306,,
52996,11627,-5138,-313.25,52.20833333,48.43384109,,
53009,11640,-5140,-313.31,52.21833333,48.81229032,,
53022,11653,-5138,-313.01,52.16833333,49.14789462,,
53036,11667,-5064,-308.25,51.375,49.37060516,,
53048,11679,-5014,-305.39,50.89833333,49.52337797,,
53061,11692,-4874,-296.73,49.455,49.51654018,,
53074,11705,-4765,-289.96,48.32666667,49.39755282,,
53088,11719,-4665,-283.44,47.24,49.18179754,,
53101,11732,-4535,-275.51,45.91833333,48.85545112,,
53114,11745,-4433,-269.66,44.94333333,48.46423934,,
53128,11759,-4284,-259.84,43.30666667,47.94848208,,
53141,11772,-4109,-249.72,41.62,47.31563387,,
53154,11785,-3973,-241.73,40.28833333,46.61290381,,
53168,11799,-3810,-231.42,38.57,45.80861343,,
53181,11812,-3639,-220.88,36.81333333,44.90908542,,
53194,11825,-3484,-211.79,35.29833333,43.94801021,,
53208,11839,-3338,-202.52,33.75333333,42.92854253,,
53221,11852,-3133,-190.08,31.68,41.80368827,,
53234,11865,-2968,-179.9,29.98333333,40.62165278,,
53248,11879,-2816,-171.06,28.51,39.4104875,,
53261,11892,-2675,-162.03,27.005,38.16993875,,
53274,11905,-2457,-148.62,24.77,36.82994488,,
53287,11918,-2245,-135.88,22.64666667,35.41161706,,
53301,11932,-2055,-124.35,20.725,33.94295535,,
53313,11944,-1885,-113.8,18.96666667,32.44532648,,
53326,11957,-1716,-103.5,17.25,30.92579383,,
53340,11971,-1524,-91,15.16666667,29.34988112,,
53353,11984,-1273,-76.18,12.69666667,27.68455967,,
53366,11997,-1023,-61.12,10.18666667,25.93477037,,
53380,12011,-776,-46.06,7.676666667,24.10896,,
53393,12024,-537,-31.67,5.278333333,22.22589733,,
53406,12037,-312,-18.01,3.001666667,20.30347427,,
53420,12051,-89,0,0,18.27312684,,
53432,12063,96,6.2,-1.033333333,16.34248082,,
53445,12076,192,12.35,-2.058333333,14.50239941,,
53458,12089,260,16.38,-2.73,12.77915947,,
53472,12103,316,19.73,-3.288333333,11.17241019,,
53484,12115,363,22.41,-3.735,9.681669168,,
53497,12128,407,25.1,-4.183333333,8.295168918,,
53511,12142,451,27.9,-4.65,7.000652026,,
53524,12155,497,30.59,-5.098333333,5.79075349,,
53537,12168,549,33.69,-5.615,4.650178141,,
53551,12182,597,36.93,-6.155,3.569660327,,
53564,12195,651,40.04,-6.673333333,2.545360961,,
53576,12207,686,42.11,-7.018333333,1.588991532,,
53590,12221,703,42.96,-7.16,0.714092378,,
53603,12234,702,43.02,-7.17,-0.074316859,,
53616,12247,690,41.99,-6.998333333,-0.766718507,,
53629,12260,650,39.73,-6.621666667,-1.352213323,,
53643,12274,606,36.99,-6.165,-1.833491991,,
53655,12286,558,34,-5.666666667,-2.216809458,,
53668,12299,519,31.74,-5.29,-2.524128512,,
53682,12313,490,29.98,-4.996666667,-2.771382328,,
53695,12326,454,27.78,-4.63,-2.957244095,,
53708,12339,432,26.13,-4.355,-3.097019685,,
53722,12353,412,25.22,-4.203333333,-3.20765105,,
53734,12365,398,24.37,-4.061666667,-3.293052612,,
53747,12378,383,23.63,-3.938333333,-3.357580684,,
53761,12392,371,22.9,-3.816666667,-3.403489282,,
53774,12405,364,22.35,-3.725,-3.435640354,,
53787,12418,357,21.74,-3.623333333,-3.454409652,,
53800,12431,355,21.87,-3.645,-3.473468687,,
53813,12444,352,21.56,-3.593333333,-3.485455151,,
53826,12457,350,21.38,-3.563333333,-3.49324297,,
53839,12470,352,21.62,-3.603333333,-3.504252006,,
53853,12484,356,21.87,-3.645,-3.518326805,,
53866,12497,359,22.23,-3.705,-3.536994125,,
53879,12510,358,22.11,-3.685,-3.551794712,,
53892,12523,368,22.6,-3.766666667,-3.573281908,,
53905,12536,373,22.66,-3.776666667,-3.593620384,,
53918,12549,380,23.21,-3.868333333,-3.621091679,,
53932,12563,360,22.23,-3.705,-3.629482511,,
53945,12576,342,21.13,-3.521666667,-3.618700926,,
53958,12589,315,19.24,-3.206666667,-3.5774975,,
53970,12601,283,17.29,-2.881666667,-3.507914417,,
53984,12615,244,14.85,-2.475,-3.404622975,,
53997,12628,200,12.17,-2.028333333,-3.266994011,,
54010,12641,149,9.24,-1.54,-3.09429461,,
54024,12655,100,5.89,-0.981666667,-2.883031816,,
54037,12668,51,0,0,-2.594728634,,
54049,12680,3,0,0,-2.335255771,,
54063,12694,-21,0,0,-2.101730194,,
54076,12707,-16,0,0,-1.891557174,,
54088,12719,-5,0,0,-1.702401457,,
54102,12733,0,0,0,-1.532161311,,
54115,12746,-5,0,0,-1.37894518,,
54127,12758,-3,0,0,-1.241050662,,
54140,12771,-3,0,0,-1.116945596,,
54154,12785,-3,0,0,-1.005251036,,
54166,12797,-4,0,0,-0.904725933,,
54179,12810,-7,0,0,-0.814253339,,
54193,12824,-4,0,0,-0.732828005,,
54205,12836,-4,0,0,-0.659545205,,
54218,12849,-4,0,0,-0.593590684,,
54232,12863,3,0,0,-0.534231616,,
54245,12876,-6,0,0,-0.480808454,,
54257,12888,-3,0,0,-0.432727609,,
54270,12901,-1,0,0,-0.389454848,,
54284,12915,-4,0,0,-0.350509363,,
54296,12927,1,0,0,-0.315458427,,
54309,12940,-5,0,0,-0.283912584,,
54323,12954,-2,0,0,-0.255521326,,
54335,12966,-2,0,0,-0.229969193,,
54348,12979,-2,0,0,-0.206972274,,
54362,12993,1,0,0,-0.186275047,,
54374,13005,-3,0,0,-0.167647542,,
54387,13018,-5,0,0,-0.150882788,,
54401,13032,-1,0,0,-0.135794509,,
54413,13044,1,0,0,-0.122215058,,
54426,13057,-2,0,0,-0.109993552,,
54439,13070,0,0,0,-0.098994197,,
54452,13083,-3,0,0,-0.089094777,,
54465,13096,1,0,0,-0.0801853,,
54478,13109,1,0,0,-0.07216677,,
54491,13122,-1,0,0,-0.064950093,,
54504,13135,1,0,0,-0.058455083,,
54517,13148,-3,0,0,-0.052609575,,
54531,13162,0,0,0,-0.047348618,,
54543,13174,-3,0,0,-0.042613756,,
54556,13187,-2,0,0,-0.03835238,,
54569,13200,2,0,0,-0.034517142,,
54582,13213,-3,0,0,-0.031065428,,
54595,13226,-3,0,0,-0.027958885,,
54608,13239,-1,0,0,-0.025162997,,
54621,13252,-4,0,0,-0.022646697,,
54634,13265,3,0,0,-0.020382027,,
54647,13278,-5,0,0,-0.018343825,,
54660,13291,-4,0,0,-0.016509442,,
54673,13304,-3,0,0,-0.014858498,,
54686,13317,-3,0,0,-0.013372648,,
54699,13330,-3,0,0,-0.012035383,,
54712,13343,-9,0,0,-0.010831845,,
54725,13356,-2,0,0,-0.00974866,,
54737,13368,-4,0,0,-0.008773794,,
54751,13382,-2,0,0,-0.007896415,,
54764,13395,-2,0,0,-0.007106773,,
54776,13407,-5,0,0,-0.006396096,,
54790,13421,-5,0,0,-0.005756487,,
54803,13434,-3,0,0,-0.005180838,,
54816,13447,-4,0,0,-0.004662754,,
54829,13460,-2,0,0,-0.004196479,,
54842,13473,-3,0,0,-0.003776831,,
54855,13486,-5,0,0,-0.003399148,,
54867,13498,-7,0,0,-0.003059233,,
54881,13512,-5,0,0,-0.00275331,,
54894,13525,-4,0,0,-0.002477979,,
54906,13537,-3,0,0,-0.002230181,,
54920,13551,-4,0,0,-0.002007163,,
54933,13564,-6,0,0,-0.001806446,,
54945,13576,-2,0,0,-0.001625802,,
54959,13590,-5,0,0,-0.001463222,,
54972,13603,-2,0,0,-0.001316899,,
54984,13615,-3,0,0,-0.00118521,,
54998,13629,-5,0,0,-0.001066689,,
55011,13642,-6,0,0,-0.00096002,,
55023,13654,-6,0,0,-0.000864018,,
55036,13667,-8,0,0,-0.000777616,,
55050,13681,-6,0,0,-0.000699854,,
55062,13693,-7,0,0,-0.000629869,,
55075,13706,-5,0,0,-0.000566882,,
55089,13720,-6,0,0,-0.000510194,,
55102,13733,-6,0,0,-0.000459174,,
55114,13745,-2,0,0,-0.000413257,,
55128,13759,-8,0,0,-0.000371931,,
55141,13772,-5,0,0,-0.000334738,,
55153,13784,-4,0,0,-0.000301264,,
55166,13797,-3,0,0,-0.000271138,,
55180,13811,0,0,0,-0.000244024,,
55192,13823,-5,0,0,-0.000219622,,
55205,13836,-6,0,0,-0.00019766,,
55219,13850,-1,0,0,-0.000177894,,
55231,13862,-1,0,0,-0.000160104,,
55244,13875,-1,0,0,-0.000144094,,
55258,13889,-1,0,0,-0.000129684,,
55270,13901,-4,0,0,-0.000116716,,
55283,13914,-4,0,0,-0.000105044,,
55297,13928,1,0,0,-9.45399E-05,,
55309,13940,-2,0,0,-8.5086E-05,,
55322,13953,1,0,0,-7.65774E-05,,
55335,13966,-4,0,0,-6.89196E-05,,
55348,13979,-1,0,0,-6.20277E-05,,
55361,13992,-1,0,0,-5.58249E-05,,
55374,14005,3,0,0,-5.02424E-05,,
55387,14018,0,0,0,-4.52182E-05,,
55400,14031,0,0,0,-4.06963E-05,,
55413,14044,-4,0,0,-3.66267E-05,,
55426,14057,-3,0,0,-3.2964E-05,,
55439,14070,1,0,0,-2.96676E-05,,
55452,14083,-1,0,0,-2.67009E-05,,
55465,14096,-2,0,0,-2.40308E-05,,
55478,14109,-4,0,0,-2.16277E-05,,
55491,14122,-1,0,0,-1.94649E-05,,
55504,14135,3,0,0,-1.75184E-05,,
55517,14148,0,0,0,-1.57666E-05,,
55530,14161,6,0,0,-1.41899E-05,,
55543,14174,-1,0,0,-1.27709E-05,,
55556,14187,0,0,0,-1.14939E-05,,
55569,14200,-3,0,0,-1.03445E-05,,
55582,14213,1,0,0,-9.31002E-06,,
55595,14226,-1,0,0,-8.37902E-06,,
55608,14239,0,0,0,-7.54112E-06,,
55621,14252,-4,0,0,-6.787E-06,,
55633,14264,-1,0,0,-6.1083E-06,,
55647,14278,-1,0,0,-5.49747E-06,,
55660,14291,-3,0,0,-4.94773E-06,,
55672,14303,-1,0,0,-4.45295E-06,,
55686,14317,-6,0,0,-4.00766E-06,,
55699,14330,0,0,0,-3.60689E-06,,
55711,14342,2,0,0,-3.2462E-06,,
55725,14356,-2,0,0,-2.92158E-06,,
55738,14369,-3,0,0,-2.62942E-06,,
55750,14381,-3,0,0,-2.36648E-06,,
55763,14394,-5,0,0,-2.12983E-06,,
55777,14408,-4,0,0,-1.91685E-06,,
55789,14420,-3,0,0,-1.72517E-06,,
55802,14433,0,0,0,-1.55265E-06,,
55816,14447,1,0,0,-1.39738E-06,,
55829,14460,-5,0,0,-1.25765E-06,,
55841,14472,0,0,0,-1.13188E-06,,
55855,14486,-4,0,0,-1.01869E-06,,
55868,14499,-1,0,0,-9.16824E-07,,
55880,14511,-3,0,0,-8.25141E-07,,
55894,14525,-2,0,0,-7.42627E-07,,
